,EulerId,MIC,QUEUESIP,Symbol,RequestId,Strong Oak Identifier
0,1,XSHE,0x63ac05,ACCU,2938,499848
1,2,XNAS,0x428cbc,ACE,1772,428535
2,3,XNYS,0x1e8879,ACM,517,478697
3,4,XNYS,0x2e126f,AGLS,1048,439334
4,5,XNYS,0xc64c,AJG,4829,475120
5,6,XNYS,0x46be,AMTD,1925,416781
6,7,XNYS,0x1a31ef,BBN,386,456644
7,8,XJPX,0x8a59f2,BBTpD,4233,460661
8,9,XBOM,,BDG,3929,472215
9,10,XAMS,0x6161e8,BMLpL,2865,483827
10,11,XNAS,,BRP,1034,460855
11,12,XNAS,,BTT,1866,455665
12,13,XNAS,0x715394,BZQ,3399,458933
13,14,XSHG,,CHA,1149,470196
14,15,XNYS,0x71a10f,CL,3408,437382
15,16,XNYS,0x74d2d2,CMDT,3520,438825
16,17,XNYS,0x6421ab,CPHI,2951,487776
17,18,XNSE,0x367bb2,CRI,1342,403800
18,19,XNYS,0x100f43,CRR,3,438853
19,20,XTSE,0x89dfaa,CZZ,4218,403388
20,21,XNYS,0x9022f0,DB,4436,444638
21,22,XNYS,0x3f25bb,DOW,1656,483699
22,23,XNYS,0x4140f,DRI,1727,451029
23,24,XSHE,0x4f5293,DSE,2238,486041
24,25,XSWX,0x6c5d35,EARN,3244,493239
25,26,XNSE,0x26004b,ECC,790,425771
26,27,XNAS,0x784e56,EIP,3625,492179
27,28,XNAS,0x724b4e,ELB,3434,433621
28,29,XNYS,0x1ef086,EMFM,536,421985
29,30,XAMS,0x1a0477,ENRJ,376,488761
30,31,XNYS,0x77133d,EOI,3589,490670
31,32,XNYS,0x66aaaf,ESL,3035,407718
32,33,XNAS,,ESTX,40,420522
33,34,XNYS,0x44efb3,EWP,1852,494869
34,35,XNAS,0x4a0823,FBND,2030,489391
35,36,XNYS,,FELP,2754,421791
36,37,XNAS,0x8a6ff1,FIS,4237,422717
37,38,XTSE,0x4c4102,FRC,2126,402212
38,39,XNYS,0x83baa3,FUE,4007,488537
39,40,XTSE,0x75843a,FXCH,3542,450390
40,41,XNYS,,GCA,4089,409114
41,42,XNAS,0x28c92a,GPTpB,891,424406
42,43,XNAS,,GRAM,3728,451308
43,44,XNAS,0x44bea0,GRC,1843,472344
44,45,XNYS,0x986293,GRUB,4705,438809
45,46,XNYS,,GTE,4475,426123
46,47,XNYS,0x1bf7b5,GXPpA,432,452775
47,48,XNYS,0x71aa5e,HSP,3411,441670
48,49,XFRA,0x1778c5,HYG,280,447284
49,50,XNYS,0x182391,HYMB,309,451152
50,51,XNYS,0x7aef91,HYXU,3716,406225
51,52,XTSE,0x6a0535,IMS,3164,433710
52,53,XTSE,0x9012c2,INFU,4432,415362
53,54,XJSE,0x210526,IQDY,609,434455
54,55,XNYS,0x21e457,ISH,636,436818
55,56,XNYS,0x3faea,IVOV,1679,474725
56,57,XLON,0x32990e,IXUS,1207,482764
57,58,XTSE,0x2eeecf,IYC,1077,452702
58,59,XKOS,0x25b1fd,JGW,780,458764
59,60,XNYS,0x156367,JW/B,205,430096
60,61,XNAS,0x32420b,KNX,1198,433915
61,62,XTSE,,KOS,4294,452489
62,63,XASX,,KRE,3662,483427
63,64,XNYS,0x176591,LIT,275,435537
64,65,XNYS,0x86ce63,LO,4113,447694
65,66,XTSE,0x52dbed,MERpF,2363,483434
66,67,XNAS,0x74f8b3,MILLpD,3527,490148
67,68,XSWX,,MLI,877,432945
68,69,XNYS,0x76d8d1,MLPX,3580,406793
69,70,XNAS,0x5316b3,MNRpA,2371,425600
70,71,XNAS,0x40641a,MSpA,1703,432232
71,72,XASX,0x1ce1a2,NGVC,462,479632
72,73,XTSE,0x95fa80,NPV,4621,460451
73,74,XNYS,0x215de,NQM,621,453288
74,75,XTSE,0x4dffff,NWL,2195,444172
75,76,XBOM,0x4e1ad1,NXJpC,2196,478965
76,77,XNAS,0xc75f7,NZF,4833,461842
77,78,XNAS,0x18ffec,NZH,341,445052
78,79,XNYS,0xa8387,OCR,4760,407806
79,80,XNYS,0x66e4a9,OLEM,3044,449198
80,81,XNYS,0x4ee2c,PAGP,2226,446144
81,82,XNYS,0x38e77b,PEY,1435,486475
82,83,XNAS,0x92e2f5,PNW,4518,435854
83,84,XNYS,0x180c7b,PT,303,400472
84,85,XTAI,,PUK,2593,476504
85,86,XNYS,0x84a09a,PXE,4037,463916
86,87,XNYS,,QEM,3274,481572
87,88,XNYS,0x766289,QGBR,3567,401488
88,89,XAMS,0x560e11,RDY,2447,449111
89,90,XNYS,0x46792e,RODI,1913,443476
90,91,XBOM,0x2651e1,RPAI,802,454480
91,92,XNYS,0x5a4574,SBpD,2581,438058
92,93,XTSE,0x5d96b2,SCG,2706,401616
93,94,XNAS,0x787ae2,SFB/CL,3634,449984
94,95,XBOM,0x6832bc,SIZE,3096,499304
95,96,XNAS,,SKY,3846,432582
96,97,XNYS,0x76f19e,SMLP,3583,476085
97,98,XNYS,0x151055,SPHD,188,422886
98,99,XNYS,0x34d9b4,SPXU,1282,415590
99,100,XNYS,0x799b92,SPXX,3670,426218
100,101,XNAS,0x60ce0d,SVBL,2834,466722
101,102,XFRA,0x168a48,TAI,247,460021
102,103,XSHG,0x3a6e1c,TDD,1489,448405
103,104,XNYS,0x22cbf9,THS,669,439902
104,105,XNYS,0x46e634,TI/A,1933,455553
105,106,XNAS,0x6ce30,TWO,3264,498623
106,107,XNYS,0x1d3e73,TYD,473,488826
107,108,XNAS,0x87ffca,VEEV,4160,437555
108,109,XNYS,0xabfc8,VMM,4771,457096
109,110,XTSE,0x26e602,WAB,821,467280
110,111,XFRA,0x84e4a1,WFCpQ,4049,477330
111,112,XTSE,0x3e2d19,YCS,1621,470205
0,113,XTSE,0x83a199,ABG,4002,135766
1,114,XNYS,0x66801e,,3025,11474
2,115,XNYS,0x8d7f92,ABRpA,4338,151621
3,116,XNYS,0x2e1074,,1046,56472
4,117,XNYS,0x77c447,,3607,271132
5,118,XBOM,0x8928bb,ADK,4199,213750
6,119,XNYS,0x1bba44,,428,33337
7,120,XNAS,0x8ab8a4,,4245,52291
8,121,XNYS,0x29c464,,923,94763
9,122,XHKG,0x66fc99,,3052,193446
10,123,XNYS,0x26f50e,,824,128205
11,124,XTSE,0x19576e,AG,352,203192
12,125,XASX,0x2a4e90,ECH,940,260268
13,126,XTSE,0x2a4e90,AGD,941,260268
14,127,XNYS,0x82db8,AGN,3982,40464
15,128,XFRA,0x5fb2d7,AGOpE,2787,237657
16,129,XJSE,0x67c5b1,AHTpD,3078,220221
17,130,XNAS,0x40c2f2,AIVpZ,1713,80777
18,131,XNAS,0x2471f8,AIW,726,175623
19,132,XNYS,0x6e5531,,3313,231302
20,133,XNYS,0x4ea848,ALSN,2215,62070
21,134,XNYS,0x6c09c3,ALX,3232,287634
22,135,XNYS,0x7b5fcd,AM,3731,26902
23,136,XNYS,0x3bdccd,,1536,36000
24,137,XNYS,0x6cf323,AMID,3267,251219
25,138,XNYS,0x79f26d,AMLP,3681,249826
26,139,XNYS,0x1d6137,,480,97157
27,140,XASX,0x6ac6d7,AMTpA,3190,90791
28,141,XSWX,0x608c3e,APA,2824,66340
29,142,XNYS,0x1e5ff9,APD,510,177267
30,143,XNAS,0x3f1d7d,,1654,161192
31,144,XNYS,0x823c04,,3963,240283
32,145,XNYS,0x8f5987,ARMF,4408,85527
33,146,XNAS,0x89f5cf,ATEN,4222,93207
34,147,XSHG,0x3f7ecd,ATI,1674,51954
35,148,XNAS,0x26c3de,AUNZ,819,212049
36,149,XNYS,0x5c4dd1,AVD,2664,37725
37,150,XNAS,0x4549c,AXL,1871,221730
38,151,XLON,0x761865,,3556,95051
39,152,XNAS,0x14c3d9,AZZ,176,233254
40,153,XSHE,0x95a265,,4609,227850
41,154,XNYS,0x8b196,,4261,266034
42,155,XNAS,0x3f2038,BANC,1655,96199
43,156,XFRA,0x283af6,BARL,867,43252
44,157,XNYS,0x405e57,,1702,173942
45,158,XTSE,0x7e5afc,,3820,141359
46,159,XNAS,0x55a2b7,BBX,2428,74859
47,160,XSAU,0x6ca164,BCHP,3249,285805
48,161,XSAU,0x24c7b0,BCM,740,138610
49,162,XSAU,0x537619,,2389,167381
50,163,XSHE,0x387912,BERY,1411,197668
51,164,XLON,0x35355d,,1294,131147
52,165,XNYS,0x4a18a2,,2035,134767
53,166,XNAS,0x68ba07,BGR,3119,239177
54,167,XJPX,0xa59c9,,4752,16070
55,168,XNYS,0x10f058,BHP,41,244822
56,169,XASX,0x2e61b8,BIG,1056,44825
57,170,XNYS,0x323dab,,1197,264710
58,171,XAMS,0x3f784d,BLL,1672,284840
59,172,XNYS,0x8b8ac6,,4278,67021
60,173,XNYS,0x4a398c,,2037,46123
61,174,XNYS,0x22b51d,,667,168295
62,175,XNAS,0x8c7061,BRAQ,4314,125629
63,176,XNYS,0x6a1e0,BRFS,3166,296203
64,177,BVMF,0x43f304,BRK/B,1821,297148
65,178,XNYS,0xbace,BUI,4803,10545
66,179,XNYS,0x20bc47,BXE,596,49947
67,180,XNAS,0x5b026e,BYM,2611,279611
68,181,XTSE,0x5aed42,C/WS/A,2608,179936
69,182,XNYS,0x264e95,,799,256615
70,183,XNAS,0x97b86f,CBI,4677,159340
71,184,XSHG,0x73d377,CBLpE,3485,155365
72,185,XNYS,0x54c8d5,CBR,2419,17953
73,186,XSHE,0x67d2a0,CBZ,3080,7935
74,187,XTSE,0x5d7f63,,2703,232323
75,188,XNAS,0x85f08a,,4083,272988
76,189,XNYS,0x87271b,CCS,4127,292194
77,190,XFRA,0x34c345,,1277,165927
78,191,XFRA,0xc048e,,4815,148563
79,192,XNAS,0x6923af,CEO,3129,50150
80,193,XNYS,0x88c29c,,4185,153467
81,194,XSHG,0xeb6af,CFI,4909,278378
82,195,XKOS,0xde8b2,CH,4882,290601
83,196,XNYS,0x124725,,88,115968
84,197,XNYS,0x4de38d,CI,2187,79547
85,198,XNSE,0x41da7f,CIU,1745,11116
86,199,XNYS,0x366fde,CKP,1341,228674
87,200,XASX,0x258e41,CLF,772,202544
88,201,XNYS,0xe1282,CMSpB,4884,280953
89,202,XBOM,0x5d614f,CNA,2696,37111
90,203,XNYS,0x24ae3a,,734,148319
91,204,XAMS,0x20f2c5,COL,606,112784
92,205,XNYS,0x324d16,COO,1199,34730
93,206,XNYS,0x2c9a8f,COR,1013,192371
94,207,BVMF,0x3616af,,1321,255002
95,208,XNAS,0x6281a7,,2898,166475
96,209,XNAS,0x8bf067,CRMD/WS,4297,224434
97,210,XNSE,0x85358,CRVP,4063,38663
98,211,XKOS,0x1720b0,CSCR,265,99773
99,212,XNYS,0x80eb32,CTLT,3915,23670
100,213,XSHG,0x1a2e82,CTP,383,82034
101,214,XNAS,0x370ea4,CTS,1359,282309
102,215,XNAS,0x5dc026,,2715,139848
103,216,XNYS,0x792e82,CX,3651,87236
104,217,XNYS,0x8b6d78,CYT,4274,140201
105,218,XFRA,0x5df5ca,DBD,2721,215420
106,219,XBOM,0x31e24a,DBO,1175,6566
107,220,XKOS,0x77fcdf,DBS,3615,126186
108,221,XNYS,0x3fa0ac,DDE,1677,90043
109,222,XNAS,0x455906,DEX,1873,54250
110,223,XNYS,0x746e6e,,3507,269205
111,224,XJPX,0x977f69,,4670,225041
112,225,XNAS,0x7420ab,DHS,3498,193677
113,226,XNAS,0x940746,,4559,231892
114,227,XNAS,0x117580,DIV,63,280979
115,228,XSAU,0x6e5f78,DLN,3315,287131
116,229,XNAS,0x8df33,DLRpH,4358,67467
117,230,XNYS,0x385e82,DMF,1407,131610
118,231,XSHE,0x72e394,DOL,3457,73823
119,232,XTSE,0x72e394,HUSIpD,3458,73823
120,233,XNYS,0x5c4608,,2662,11087
121,234,XTSE,0x6f2a79,DSU,3346,14260
122,235,XNAS,0x5cb34,,2678,284003
123,236,XNYS,0x25d8eb,DXB,784,280390
124,237,XTSE,0x8f7302,DYN/WS,4412,117264
125,238,XNAS,0x4298ab,DZK,1773,214267
126,239,XNYS,0x20241b,ECR,577,111658
127,240,XNAS,0x8e8551,EDU,4377,67687
128,241,XJPX,0x8059f5,,3893,78567
129,242,XNYS,0x560d09,EET,2446,34058
130,243,XKOS,0xb1006,,4785,245450
131,244,XNYS,0x87f4fe,EFFE,4158,62311
132,245,XFRA,0x25f553,EFG,787,283521
133,246,XBOM,0x498130,EGAS,2013,163906
134,247,XJSE,0x935382,EGL,4529,10950
135,248,XNAS,0x15adbb,EHI,214,27732
136,249,XSWX,0x716dd8,,3403,293695
137,250,BVMF,0x212e94,ELU,613,219356
138,251,XNYS,0x9511f9,ELX,4594,281140
139,252,XNYS,0x10bbf5,,30,131205
140,253,XTSE,0x6e750c,ENHpB,3321,261731
141,254,XNYS,0x5f5421,EQL,2767,268322
142,255,XNYS,0x6996f9,,3147,108722
143,256,XNSE,0x7ed79,ERJ,3844,249580
144,257,XJPX,0xd4add,ESNT,4860,239240
145,258,XSHG,0x47feb1,,1964,259020
146,259,XTSE,0x2286ad,ETO,658,123777
147,260,XNAS,0x33b0e0,,1240,290574
148,261,XNAS,0x29a6dd,,920,242802
149,262,XSHE,0x421101,,1751,16828
150,263,XNAS,0x29c15e,EVF,922,92984
151,264,XHKG,0x4a9c6d,,2053,62731
152,265,XNAS,0x2d57d7,EVO,1031,285411
153,266,XNSE,0x3e4d81,,1626,279333
154,267,XLON,0x9890b7,EWA,4709,140054
155,268,XLON,0x16b783,EWHS,253,251582
156,269,XTAI,0x3fcdd9,,1684,62183
157,270,XTSE,0x63037e,EWO,2914,262108
158,271,XNYS,0x3e9a11,EWX,1635,10303
159,272,XNYS,0x1e04fe,EXAM,495,11854
160,273,XNAS,0x9bb54,,4721,147871
161,274,XNAS,0x1322e6,EXP,120,62239
162,275,XNYS,0x61f5d6,,2880,132568
163,276,XNYS,0x618032,FBGX,2867,285399
164,277,XNYS,0x8451b9,FCAM,4026,299591
165,278,XLON,0x31bfd0,,1170,190213
166,279,XNYS,0x32c6b7,FDP,1215,260447
167,280,XNYS,0x58cece,,2542,17124
168,281,XNYS,0x341a27,FEU,1252,194944
169,282,XNAS,0x4ba49d,FF,2097,225083
170,283,XTSE,0x53ca50,FIBG,2394,103718
171,284,XNAS,0x356aa1,FILL,1301,199555
172,285,XNYS,0x542e2e,FLAG,2405,115386
173,286,XTSE,0x20c49a,,598,139817
174,287,XNAS,0x3cabf0,FLT,1564,286455
175,288,XNYS,0x62625e,FLTR,2892,150113
176,289,XNYS,0x2b4d61,FPF,970,140240
177,290,XBOM,0x6f55ad,FPI,3353,175691
178,291,XTSE,0x37ed3c,FPT,1390,142456
179,292,XNYS,0x5856ba,FSCE,2524,165803
180,293,XNAS,0x6be7d0,,3230,86868
181,294,XASX,0x132123,FTF,119,194784
182,295,XJSE,0x4e8d7c,FTI,2209,116648
183,296,XNYS,0x383670,,1400,231019
184,297,XNYS,0x4ed104,GASL,2220,215595
185,298,XNYS,0x295567,,912,58970
186,299,XTSE,0x909423,,4448,229988
187,300,XNAS,0x3ea628,,1638,262832
188,301,XHKG,0x90420b,GDX,4438,287055
189,302,XSHG,0x44ee8e,GDXJ,1851,150812
190,303,XBOM,0x35b55f,GEO,1313,238423
191,304,XNYS,0x22626a,GIG,651,241270
192,305,XJSE,0x431ba4,GJS,1790,7971
193,306,XLON,0x8b59cf,GLP,4270,114950
194,307,XNYS,0x79b8ed,GMED,3677,221676
195,308,XNYS,0x84c7d7,GMF,4044,9472
196,309,XNYS,0x5e870b,GMK,2748,59707
197,310,XTSE,0x1ccc29,GML,458,160275
198,311,BVMF,0x946959,,4573,127101
199,312,XSHG,0x5ff1a5,,2800,62433
200,313,XNYS,0x272d59,GRT,831,13501
201,314,XHKG,0x34507e,,1262,233889
202,315,XNSE,0x96ed0,,4653,238459
203,316,XNAS,0x7e1ecb,,3812,213942
204,317,XNYS,0x54c5ef,GSB,2418,229740
205,318,XNYS,0x18d87d,GSF,335,153701
206,319,XKOS,0x1e5432,GSH,507,152559
207,320,XNYS,0x749f7b,,3514,290955
208,321,XNAS,0x13e103,GTN,142,136431
209,322,XSAU,0x3ddc51,GTS,1613,292675
210,323,XNYS,0x23a868,GVI,697,277070
211,324,BVMF,0x7f62fa,HAE,3863,268227
212,325,XNAS,0x202ebe,HECO,578,223701
213,326,XNYS,0x5aa06e,,2595,211048
214,327,XNAS,0x5a6f8f,,2587,39997
215,328,XTSE,0x40eccc,,1718,91350
216,329,XFRA,0x184545,HFIN,312,285268
217,330,XNYS,0xbe879,,4813,53656
218,331,XNYS,0x6058fd,,2814,164801
219,332,XNYS,0x722fda,,3430,297184
220,333,XNAS,0x534235,HL,2380,42420
221,334,XNAS,0x764a9e,HPT,3565,89854
222,335,XNAS,0x654fd,HRG,2998,262487
223,336,XTSE,0x8eae05,HSFCpB,4388,119201
224,337,XNYS,0x2038,HUB/B,580,186943
225,338,XNSE,0x3eafde,,1639,286192
226,339,XNAS,0x5c9f2c,,2675,253486
227,340,XNYS,0x88ba09,IBCD,4182,6029
228,341,XNAS,0x2ba813,,983,276404
229,342,XLON,0x278861,IBMD,841,278907
230,343,XNYS,0x1571c9,,208,46918
231,344,XFRA,0x279fcb,IBP,843,135348
232,345,XNAS,0x74112d,ICA,3496,222586
233,346,XNAS,0x336c1d,,1229,59381
234,347,XSWX,0x390051,,1438,57542
235,348,XNYS,0x4e6976,IFMI,2207,36247
236,349,XASX,0x50975b,IFN,2281,116858
237,350,XNYS,0x535f38,IG,2386,91028
238,351,BVMF,0x9643d5,IGD,4631,239068
239,352,XNAS,0x46b9f0,,1924,217572
240,353,XNYS,0xa742e,IND,4757,171067
241,354,XSHG,0x16b7ec,,254,156973
242,355,XNAS,0x7b88a3,,3736,63425
243,356,XNAS,0x8bbb03,,4286,258617
244,357,XNAS,0xfc477,IT,4942,242819
245,358,XHKG,0x62a03,ITLY,2901,256849
246,359,XNYS,0x8dbb7e,IUSB,4346,151612
247,360,XJPX,0x83ec7f,IVOG,4012,80203
248,361,XNYS,0x66abb9,,3036,106163
249,362,XNYS,0x5fbfd9,,2792,26247
250,363,XNSE,0x564cc4,IXC,2459,173448
251,364,XNYS,0x8a23b2,IYH,4228,174369
252,365,XNAS,0x8aff50,,4256,154459
253,366,XNAS,0x6fb17,JBT,3360,152445
254,367,XJSE,0x5c9090,JDD,2673,216560
255,368,XNAS,0x72066e,JE,3422,6806
256,369,XNYS,0x69517e,JHX,3141,158520
257,370,XNAS,0x2e396f,JJA,1051,49742
258,371,XNYS,0x88a4f8,JJE,4180,148781
259,372,XSHE,0x63eae7,JJT,2948,36112
260,373,XNAS,0x87a258,,4142,296510
261,374,XNYS,0x522342,JPM,2341,252759
262,375,XNYS,0x3aab74,JPM/WS,1498,32245
263,376,XAMS,0x761f55,,3558,19408
264,377,XNAS,0x6516ec,JTP,2990,203665
265,378,XNYS,0x23be19,,702,185290
266,379,XASX,0x10d2be,KAMN,36,273720
267,380,XKOS,0x72bb6,KATE,3452,46489
268,381,XNYS,0x43f428,KBR,1822,237818
269,382,XNSE,0x356130,KEP,1299,181307
270,383,XBOM,0x84cd3e,KFNp,4045,94188
271,384,XNAS,0x5ee55,KFS,2756,71930
272,385,XSAU,0x4fb34a,,2254,183415
273,386,XNYS,0xf8d61,KKR,4935,31221
274,387,XNYS,0x87ae2b,KROO,4143,26975
275,388,XNYS,0x241987,,713,285274
276,389,XKOS,0x3c5926,,1553,184310
277,390,XNAS,0x31414b,KTP,1154,266000
278,391,XNYS,0x6509ab,,2987,210891
279,392,XBOM,0x498498,,2014,81779
280,393,XNYS,0x5685d7,LAG,2468,72826
281,394,XNYS,0x3e4268,,1623,109026
282,395,XNAS,0x1ad2d2,,399,29685
283,396,XNYS,0x620016,LEO,2882,37720
284,397,XTSE,0x4e5567,,2203,56160
285,398,XNYS,0x80632b,,3898,157255
286,399,XNYS,0x277122,LRN,836,242434
287,400,XNAS,0x4e9128,,2211,199744
288,401,XSAU,0x6ca659,LVL,3252,118528
289,402,XNYS,0x38304a,MAA,1399,207922
290,403,XTSE,0x7100ab,MAV,3391,225244
291,404,XTAI,0x2e121d,,1047,3711
292,405,XSHE,0x446e58,MCS,1835,82612
293,406,XNYS,0x580c43,MCZ,2516,150978
294,407,XNAS,0x3a1841,,1475,224681
295,408,XNAS,0x4c3ecd,,2125,45477
296,409,XNYS,0x805281,,3891,76307
297,410,XNYS,0x4f4ab7,METpA,2237,25284
298,411,XNAS,0x5b76dc,MGA,2627,110722
299,412,XAMS,0x10189c,MGK,6,90510
300,413,XNYS,0x2be364,MGV,987,237578
301,414,XNYS,0x12e450,,110,109366
302,415,XTSE,0x29aea1,MITTpA,921,190689
303,416,XNYS,0x59ba9e,MIXT,2569,60594
304,417,XKOS,0x300599,,1107,251185
305,418,XNSE,0x93e9b6,MLPJ,4553,286589
306,419,XNYS,0x23feb6,MM,709,2704
307,420,XNAS,0x227c26,MMM,656,130907
308,421,XNYS,0x1f62e5,MMS,549,149578
309,422,XTSE,0x4ba483,MNE,2096,290414
310,423,XTSE,0x6e156a,,3305,143741
311,424,XNAS,0x6531de,MONY,2995,160460
312,425,XNYS,0x458e93,MOS,1879,138393
313,426,XNAS,0x37b197,MSJ,1384,84834
314,427,XNYS,0x2b9374,MTB/WS,980,8919
315,428,XBOM,0x526049,MTK,2350,250454
316,429,XKOS,0xc67d9,MTLp,4830,112405
317,430,XNYS,0x61054,MTR,2848,154860
318,431,XNYS,0x68d4d0,MTW,3121,263228
319,432,XNSE,0x767101,MUNI,3569,138610
320,433,XTSE,0x840018,,4014,43124
321,434,XTSE,0x5ab667,MXI,2600,135378
322,435,XNAS,0xab89e,,4767,158022
323,436,XTSE,0x5db844,MYN,2711,156597
324,437,XTSE,0x256c8b,,769,17490
325,438,XNYS,0x673b1b,N,3059,223774
326,439,XSAU,0x8e3bc4,,4365,277574
327,440,XNAS,0x51444d,NAVB,2305,216153
328,441,XKOS,0x29dfe,NCB,927,288831
329,442,XNYS,0x140d,NEAR,147,295225
330,443,XTAI,0x798509,NFX,3664,248413
331,444,XNYS,0x56b2f1,NGLS,2474,149725
332,445,XNYS,0x1473cf,NHCpA,166,39148
333,446,XNYS,0x60dd9,NIE,2836,35270
334,447,XNYS,0x5d1db7,NLSN,2690,55343
335,448,XTSE,0x4b78a8,,2091,126267
336,449,XFRA,0x6e19ba,NMFC,3307,127646
337,450,XNYS,0x628a29,,2899,273246
338,451,XSHE,0x172c5a,NML,267,233464
339,452,XNYS,0x7bca9d,,3748,169873
340,453,XNYS,0x22365e,,643,226242
341,454,XFRA,0x73dac,NOA,3486,84985
342,455,XNSE,0x206ec1,,588,26925
343,456,BVMF,0x5900e2,NORD,2547,46243
344,457,XTAI,0x2c3a07,,999,131528
345,458,XNAS,0x66ec24,NSS,3046,80800
346,459,XTSE,0x48a1fd,NTG,1979,166348
347,460,XKOS,0x917924,NTZ,4473,292182
348,461,XSWX,0x1cb0b1,NUE,454,172598
349,462,XNYS,0x97aed4,,4675,259234
350,463,XNYS,0x8f97dc,,4417,84924
351,464,XHKG,0x8f96f2,OC,4416,101131
352,465,XNAS,0x256401,OCN,768,137578
353,466,XNAS,0x173317,OCRpA,269,193706
354,467,XNAS,0x365b43,,1336,39786
355,468,XNYS,0x951102,ONEF,4593,116253
356,469,XTSE,0x8e12ad,ORAN,4361,144761
357,470,XNSE,0x775a6b,OUBS,3597,200415
358,471,XNYS,0x3bdef,OXM,1537,168389
359,472,XNYS,0x816e15,,3942,188876
360,473,XHKG,0x4ed7ea,PBA,2224,239895
361,474,XNYS,0x66fba5,PBI,3049,146760
362,475,XJSE,0x1142bd,,51,52867
363,476,XNYS,0x54c04,PCGpA,2416,216451
364,477,XNAS,0x30f090,,1141,38668
365,478,XSWX,0x692ecc,PFF,3132,56323
366,479,XLON,0x864c49,PGRE,4094,70683
367,480,XNYS,0x4b4dc2,PHF,2088,65816
368,481,XJPX,0x3b45d3,PKD,1518,278047
369,482,XNYS,0x93a834,,4543,108687
370,483,XNYS,0x108791,,19,183831
371,484,XNAS,0x8789ab,PMC,4139,166344
372,485,XNYS,0x1d56e2,PMF,479,226595
373,486,XASX,0x4c1d5a,,2121,252643
374,487,XNYS,0x96626f,PPH,4637,244301
375,488,XNYS,0x1e81b4,PPSpA,515,90502
376,489,XNYS,0x51ea26,PRU,2333,204674
377,490,XNYS,0x3d4bb2,,1587,113607
378,491,XSHE,0x3407d2,,1250,177644
379,492,XNAS,0x432bf7,,1793,39912
380,493,XNYS,0x439de9,PUKp,1810,616
381,494,XNAS,0x4194f6,PUKpA,1735,288623
382,495,XNAS,0x927c60,PWpA,4504,227387
383,496,XNSE,0x8496b6,,4034,135135
384,497,XBOM,0x95cefb,,4617,79399
385,498,XSAU,0x18a0f5,PZE,328,278491
386,499,XNYS,0x4b47a9,,2087,261166
387,500,XSAU,0x164482,,234,100008
388,501,XNYS,0x6b169d,REED,3202,204166
389,502,XNYS,0x89534c,,4203,208971
390,503,XLON,0x239c4c,RGRE,694,98439
391,504,XNYS,0x28aa7e,RGT,884,110343
392,505,XNAS,0x42bda1,RHS,1777,135530
393,506,XNYS,0x92788e,,4503,121313
394,507,XFRA,0x73a6bb,RJZ,3476,26792
395,508,XTSE,0x3cec70,RLD,1575,22271
396,509,XKOS,0x7c0498,RLH,3758,87293
397,510,XNYS,0x2930b,,905,42830
398,511,XNYS,0x50490b,ROYT,2275,227943
399,512,XNAS,0xbe84a,,4812,71841
400,513,XNYS,0x1911e3,RQI,344,219090
401,514,XNAS,0x36ba38,RST,1348,180896
402,515,XNYS,0x60f542,RWO,2843,286854
403,516,XNSE,0x941d4b,RYL,4560,8960
404,517,XNAS,0x4a432b,,2040,30265
405,518,XNAS,0x5a79d1,,2591,126709
406,519,XAMS,0x84e2b2,SCHD,4048,56503
407,520,BVMF,0x87b9db,SCHR,4145,284491
408,521,XNAS,0x875882,SCQ,4136,9699
409,522,XTSE,0x798346,,3663,182585
410,523,XNAS,0x5b2a80,SF,2617,209411
411,524,XNYS,0x3decf0,SFG,1615,43293
412,525,XNYS,0x285f4a,SFUN,876,277353
413,526,XNYS,0x30edf8,,1139,80918
414,527,XNYS,0x8684fc,SHN,4100,180448
415,528,XNYS,0x1a4bd6,,387,27660
416,529,XNYS,0x96ca8c,SJNK,4649,121791
417,530,XTSE,0x4fe0d0,,2260,276845
418,531,XNAS,0x8b054b,SKX,4259,174394
419,532,XNYS,0x106311,SLGpI,13,162779
420,533,XNAS,0x1a77b8,,393,218783
421,534,XSAU,0x6f71ad,,3357,126664
422,535,XNYS,0x742529,SLYV,3499,42250
423,536,XNSE,0x5dfa56,SMMU,2724,5261
424,537,XTSE,0x97c509,SPPP,4682,234817
425,538,XSWX,0x6f2f99,SPR,3347,258405
426,539,BVMF,0x573fee,SSWpD,2488,8915
427,540,XNYS,0x1effae,STC,538,87346
428,541,XSHE,0xaea25,STM,4780,221511
429,542,XHKG,0x7efcf1,,3850,206045
430,543,XNYS,0x92b78f,,4511,96862
431,544,XTAI,0x5e3891,SWC,2736,195662
432,545,XNYS,0x8e2d3c,SWI,4364,143498
433,546,XNAS,0x853c97,,4065,185333
434,547,XNAS,0x36ef51,TBZ,1354,178541
435,548,XNYS,0x3a392c,TDN,1481,27464
436,549,XNAS,0x845a0e,TDTT,4029,216158
437,550,XNAS,0x463775,,1905,221711
438,551,XNYS,0x51f468,TG,2334,268018
439,552,XTAI,0x1157bd,TLLP,55,235353
440,553,XTSE,0x164fb1,,238,99047
441,554,XJSE,0x49ea03,TMO,2022,229687
442,555,XNAS,0x16e659,,260,119096
443,556,XNYS,0x173a2a,,272,62482
444,557,XNYS,0x4dbff6,TOL,2185,24815
445,558,XNYS,0x4f45ec,TOOpA,2235,270980
446,559,XNAS,0x2a7bbb,,945,98058
447,560,XNAS,0x45e280,,1891,7996
448,561,XNYS,0x4a6d67,TSN,2045,5089
449,562,XNAS,0x8eb5e1,TTP,4389,132358
450,563,XTSE,0x322ea7,TV,1193,81042
451,564,XNYS,0x131b3f,TVPT,118,44853
452,565,XNYS,0x17a70e,TW,289,203361
453,566,XFRA,0x2d22b2,TWM,1024,205279
454,567,XNYS,0x799bfd,TYGpB,3671,39674
455,568,XNSE,0x8a906e,TYL,4241,150005
456,569,XTSE,0x21a300,UBR,625,255824
457,570,XNYS,0x164a9f,UCI,236,39289
458,571,XNYS,0xba3a7,URZ,4801,295325
459,572,XNAS,0x238267,,690,267249
460,573,XNAS,0x51dac8,USO,2329,10244
461,574,XNYS,0x72bd,UUU,3453,217044
462,575,XNYS,0x67d770,UUUU,3081,289418
463,576,XNYS,0x87bc19,VCV,4146,9285
464,577,XNAS,0x8dec3f,,4354,75297
465,578,XNYS,0x6f328e,,3348,29826
466,579,XJSE,0x880f82,VLU,4164,108253
467,580,XSHG,0x5cda68,VNOpL,2681,258848
468,581,XNAS,0x48e4c9,,1989,272617
469,582,XNYS,0x3c7d5,,1556,46264
470,583,XNYS,0x2daf9f,,1040,87427
471,584,XNYS,0x23d227,,704,75902
472,585,XKOS,0x60b060,,2829,217100
473,586,XASX,0x8fd561,WBSpE,4423,8179
474,587,XJPX,0x1818c3,WBS/WS,305,204274
475,588,XNYS,0x752ef,,3535,60146
476,589,XNYS,0x2570e,,770,48630
477,590,XNSE,0x521369,WNRL,2339,68534
478,591,XNAS,0x28e56b,WNS,897,116898
479,592,XNYS,0x8fee42,WR,4426,85560
480,593,XSHG,0x33b82,WSR,1241,165964
481,594,XNYS,0x1c4cdd,WTR,442,112072
482,595,XTSE,0x7e9ace,WTW,3830,185155
483,596,XNYS,0x669c6b,XLF,3033,228385
484,597,XSWX,0x203ef7,XLP,581,72744
485,598,XNYS,0x5373a0,XRA,2388,237176
486,599,XSHG,0x9265ba,XRT,4500,161360
487,600,XSHE,0x739e1,XSW,3473,152899
488,601,XHKG,0x7bdfa0,XUE,3752,87567
489,602,XNYS,0x833c86,XXII,3990,70925
490,603,XNYS,0x1a6e21,,390,241301
491,604,XNYS,0x41e2ef,XYL,1746,48717
492,605,XNAS,0x6a965a,YUME,3186,239503
493,606,XNYS,0x87f2de,YZC,4157,285465
494,607,XNSE,0x3188ce,ZA,1164,207638
495,608,XNAS,0x42043e,ZBB,1748,266749
496,609,XNYS,0x2b7b57,,977,215278
497,610,XNYS,0x26578f,ZSL,803,210347
0,611,XNYS,0x244901,AAT,719,769479
1,612,XASX,0x4b7a08,ABC,2092,632648
2,613,XSHE,0x14f69e,ACH,184,749904
3,614,XNYS,0x5feb4f,ADC,2798,570399
4,615,XNYS,0x10a9b,ADM,24,614944
5,616,XNYS,0x1d42db,AEL,475,542179
6,617,XNYS,0x72777d,AEO,3437,563880
7,618,XNYS,0x147c0b,AFB,167,750453
8,619,XSHE,0x7b5a7e,AFSD,3729,841278
9,620,XSAU,0x93f014,AGI,4555,635644
10,621,XNAS,0x68dd2d,AGOpF,3125,740499
11,622,XFRA,0x68a8a1,AHP,3116,601677
12,623,XNYS,0x9405b3,AHS,4558,661002
13,624,XNAS,0x6f64f9,AI,3355,794578
14,625,XLON,0x6a6ea3,AKO/B,3181,964012
15,626,XSWX,0x12c001,AL,106,542636
16,627,XNYS,0x9b221,ALDW,4719,818076
17,628,XNYS,0x166f5c,ALL,244,902231
18,629,XTSE,0xe538e,ALLpE,4890,566161
19,630,XNYS,0x3890,ALPpP,1413,815347
20,631,XNYS,0x535403,AMCO,2384,947774
21,632,XNYS,0x3c54fb,AMG,1552,686470
22,633,XNYS,0x37912d,AMHpB,1376,842639
23,634,XNAS,0x27e75b,AMP,856,626376
24,635,XNYS,0x86b8b4,AMRE,4110,927994
25,636,XNYS,0x30efde,AMTGpA,1140,971762
26,637,XNYS,0x963593,AMU,4629,643564
27,638,XAMS,0x184c6a,AMZA,314,810641
28,639,XASX,0x24a17a,ANFI,732,935946
29,640,XNAS,0x923bd4,ANR,4497,703180
30,641,XNYS,0x29c6ba,AOD,924,539667
31,642,XJPX,0x421d5d,AOI,1754,714478
32,643,XNAS,0x2c9ec,AOR,1014,933910
33,644,XNSE,0x2237b8,APO,645,876436
34,645,XFRA,0x17be18,ARDC,294,876238
35,646,XKOS,0x62d9aa,AREpE,2909,753828
36,647,XTSE,0x2725b4,ARIpA,830,651951
37,648,XNAS,0x33a45d,ARR,1236,896182
38,649,XNYS,0x1738b1,ARY,271,975994
39,650,BVMF,0x535c1a,ASEA,2385,517394
40,651,XJSE,0x67f3a4,ASH,3088,833860
41,652,XNYS,0x5b28cf,ATV,2616,674604
42,653,XTSE,0x461a92,AUSE,1903,709247
43,654,XNYS,0x60f4d3,AVG,2842,821336
44,655,XNAS,0x898b70,AVL,4210,750853
45,656,XNSE,0x12f165,AWF,112,772050
46,657,XNAS,0x1ec159,AWX,521,537274
47,658,XNYS,0x4b9d4d,AXJL,2095,890180
48,659,XNAS,0x16e5f6,AXSpC,259,798134
49,660,XNSE,0x56ba94,AXSpD,2475,720081
50,661,XNYS,0x6ac904,AXX,3191,520773
51,662,XNYS,0x1f9d98,AZO,559,570083
52,663,XTSE,0x50de6f,B,2291,609046
53,664,XNYS,0x66c557,BAC/WS/A,3039,929599
54,665,XSWX,0x37f282,BAF,1392,625817
55,666,XNYS,0x2ef6c5,BAH,1079,976160
56,667,XNYS,0x569c3d,BALT,2471,822489
57,668,XNYS,0x7cf460,BBG,3784,663610
58,669,XSWX,0x886dd6,BCC,4174,690286
59,670,XJPX,0x52478c,BCH,2346,656923
60,671,XNYS,0x646a6c,BCX,2962,701033
61,672,XNYS,0x8f2edb,BDCL,4403,702853
62,673,XSHE,0x9224f1,BDN,4495,694725
63,674,XSHE,0x1fe071,BDNpE,569,550385
64,675,XNYS,0x596aaa,BDX,2556,709048
65,676,XNYS,0x15cd69,BEL,221,865501
66,677,XNAS,0x75e704,BFAM,3552,974835
67,678,XNYS,0x242925,BGS,716,705952
68,679,XNYS,0x374725,BHB,1370,867043
69,680,XTSE,0x38e325,BHE,1434,786736
70,681,XTSE,0x5b3611,BHK,2619,875536
71,682,XSAU,0x5bb923,BID,2634,764590
72,683,XNYS,0x3b7b7c,BIOA,1528,879384
73,684,XNAS,0x1482b,BIV,171,599728
74,685,XBOM,0x195ff6,BKF,353,840691
75,686,XASX,0xb64dd,BLJ,4793,662611
76,687,XNYS,0x95ed29,BMLpJ,4620,789005
77,688,XNYS,0x739862,BOIL,3470,579226
78,689,BVMF,0x73cd6e,BORN,3483,518184
79,690,XNYS,0x6f4f2b,BPL,3352,587474
80,691,XNYS,0x475cad,BPT,1948,517294
81,692,XSHG,0x44af9c,BPZ,1840,889437
82,693,XNYS,0x181fe3,BRC,306,979041
83,694,XAMS,0x806208,BRF,3897,621221
84,695,XTAI,0x21b60,BSCI,627,674662
85,696,XNAS,0x33a7cc,BSCM,1237,668403
86,697,XNYS,0xefe99,BSI,4917,533676
87,698,XNAS,0x488fd5,BSJG,1978,504989
88,699,XNYS,0x57a9aa,BSJH,2506,778197
89,700,XNYS,0x674a4d,BSJI,3060,741220
90,701,XAMS,0x4c9dc1,BSJJ,2142,623087
91,702,XAMS,0x85d94b,BSL,4079,804970
92,703,XAMS,0x6f1aa9,BSMX,3341,897208
93,704,XNAS,0x728821,BTU,3441,816006
94,705,XTSE,0x1d7196,BUNT,483,689920
95,706,XNYS,0x269e92,BVN,815,918195
96,707,XTSE,0x520da,BWA,2337,811418
97,708,XNYS,0x68005d,BWV,3090,964072
98,709,XNYS,0x7ce359,BZF,3781,852163
99,710,BVMF,0x460eb2,CpN,1901,860375
100,711,XNAS,0x5a87e0,CAT,2592,837685
101,712,XNYS,0x450b3c,CAW,1860,750151
102,713,XNYS,0x7cb815,CBG,3773,700136
103,714,XNAS,0x8187af,CBL,3944,867772
104,715,XNAS,0x9c4f5,CBLpD,4722,578956
105,716,XNYS,0x84a68d,CCA,4039,612152
106,717,XNAS,0x62a2b4,CCZ,2902,711963
107,718,XNAS,0x66c9a9,CEB,3040,806361
108,719,XNYS,0x63d26d,CEFL,2943,546889
109,720,XNAS,0x5bd8da,CFRpA,2642,981975
110,721,XNAS,0x32f3d1,CGA,1220,591595
111,722,XNYS,0x6ff2f7,CHIM,3367,501340
112,723,XNYS,0x3d14da,CHIQ,1582,830094
113,724,XNSE,0x70c5fb,CHK,3388,666470
114,725,XNAS,0x7a51fe,CHMI,3693,818670
115,726,XNYS,0x94307b,CHSPpA,4566,510652
116,727,XNYS,0x49f849,CIA,2024,890469
117,728,XNAS,0x8bca9,CIF,4289,904399
118,729,XTAI,0x6367c2,CIK,2928,770477
119,730,XSAU,0x684821,CLD,3101,680554
120,731,XNYS,0x116872,CLNY,58,847110
121,732,XAMS,0xbbf38,CLNYpA,4806,911059
122,733,XTSE,0x605eb5,CLW,2817,705977
123,734,XAMS,0x67abb3,CLY,3075,642288
124,735,XNYS,0x40c123,CMREpB,1711,960697
125,736,XSWX,0x943c5f,CMS,4568,662436
126,737,XNAS,0x91bdb6,CNI,4482,674609
127,738,XSAU,0x2f415d,COV,1086,573285
128,739,XNYS,0x3a345,CP,1480,943544
129,740,XNYS,0x3ea3b1,CPF,1637,749162
130,741,XTSE,0x84be82,CRC,4041,863420
131,742,XNAS,0x1a8e32,CRH,396,891921
132,743,XNYS,0x6fd30f,CRK,3364,963482
133,744,XNAS,0x52568d,CRM,2349,769610
134,745,XNYS,0x731d73,CRV,3463,684764
135,746,XHKG,0x55b87,CSC,2433,517781
136,747,XNAS,0x3cabe,CSI,1563,550033
137,748,XTSE,0x77e533,CSM,3611,752908
138,749,XNYS,0x8c7b3f,CTB,4316,776747
139,750,XNAS,0x928f4,CTL,4505,519783
140,751,XNYS,0x4e4f0d,CTQ,2201,890672
141,752,XNYS,0x3f0d31,CTR,1651,846004
142,753,XNAS,0x183294,CTV,310,651353
143,754,XASX,0x2e464b,CVD,1054,897461
144,755,XNYS,0x2b4ede,CVI,971,590888
145,756,XNAS,0x86eaa6,CVRR,4120,793229
146,757,XTSE,0x2ed64f,CXW,1073,689275
147,758,XNAS,0x5f126a,CYS,2759,771827
148,759,XNYS,0x8a3dab,D,4229,976077
149,760,XNAS,0x3fc206,DAG,1682,787251
150,761,XNYS,0x93235d,DAKP,4526,589742
151,762,XNAS,0x4126b5,DANG,1723,985601
152,763,XSAU,0x72a8d4,DBV,3448,888339
153,764,XNYS,0x337515,DCO,1232,658532
154,765,XTSE,0x4c9220,DCT,2138,708845
155,766,XAMS,0x576d1e,DDC,2498,521784
156,767,XNYS,0x4f560d,DDD,2240,891546
157,768,XNYS,0x95c821,DDM,4616,586193
158,769,XSWX,0x8b9794,DDS,4282,524939
159,770,XNAS,0x96869b,DFP,4640,570941
160,771,XNYS,0x8fe3fe,DFSpB,4424,776041
161,772,XTSE,0x11cc19,DFT,77,725820
162,773,XNYS,0x5c00f1,DGS,2651,956741
163,774,XNYS,0x1792f0,DGSE,284,741600
164,775,XSHE,0x1a7bde,DGZ,394,835016
165,776,XNYS,0x67f13d,DHF,3086,745025
166,777,XNSE,0x5bbe8a,DHR,2635,591535
167,778,XNYS,0x92118a,DIG,4490,837032
168,779,XNYS,0x310cbf,DIS,1147,738411
169,780,XNAS,0x69d0fa,DK,3159,815397
170,781,XSWX,0x3a8d71,DLS,1494,865963
171,782,XASX,0x3eea48,DNN,1646,986893
172,783,XNAS,0x5dcd77,DNR,2716,774468
173,784,XJPX,0x30d3b3,DPG,1137,831854
174,785,XNAS,0x6ca17d,DQ,3250,705007
175,786,XNAS,0x1ffd11,DRN,573,572498
176,787,XNAS,0x3eee72,DSL,1648,826335
177,788,XNYS,0x6825b9,DSW,3094,983744
178,789,XNYS,0xb5b55,DTLAp,4792,991894
179,790,XNAS,0x811580,DTN,3924,948087
180,791,XNYS,0x6b806,DVD,3213,783665
181,792,XNYS,0x3c974,DVYA,1561,939673
182,793,XSWX,0x3b7f3f,DWAS,1529,898871
183,794,XNYS,0x2a5545,DWM,942,844388
184,795,XNYS,0x7233b0,DWRE,3432,876813
185,796,XNAS,0x2a4e34,DY,939,525857
186,797,XNAS,0x384a29,E,1406,773404
187,798,XNYS,0x48353b,EBND,1967,568321
188,799,XLON,0x7e3fd7,EBR,3817,772360
189,800,XBOM,0x6d1077,ECF,3271,890722
190,801,XNYS,0x111b2c,EDIV,47,520756
191,802,XNAS,0x3d8cb2,EEQ,1597,789617
192,803,XNAS,0x503f89,EFR,2274,668921
193,804,XNAS,0x96282a,EFX,4628,735119
194,805,XSHG,0x958403,EGI,4606,501294
195,806,XNYS,0x3065c6,EGO,1120,843121
196,807,XNAS,0xf0755,EGP,4920,644983
197,808,XNYS,0x2ff510,EGY,1102,888278
198,809,XNAS,0x5b3a44,EIS,2621,797630
199,810,XTSE,0x7deb3f,ELLI,3806,870458
200,811,XASX,0xb4b00,ELLO,4790,884620
201,812,XNYS,0x3b16e0,EMHY,1516,888795
202,813,XNYS,0x124da4,EMSA,89,726837
203,814,XNYS,0x27fb1d,EOC,858,547755
204,815,XNYS,0x1a6874,EOG,389,709571
205,816,XNAS,0x1f7a86,EPMpA,553,865459
206,817,XTSE,0x7dede1,EPOL,3807,578955
207,818,XNAS,0x7b4a41,EQLT,3726,675378
208,819,XNYS,0x2593,ERUS,774,820950
209,820,XNAS,0x3122f5,ESBA,1151,721822
210,821,XNAS,0x7f6b90,ESR,3866,546732
211,822,XNYS,0x2415d5,ESRT,712,738898
212,823,XNYS,0x39ca41,ESSpH,1462,845516
213,824,XNYS,0x6719ed,ETH,3057,838007
214,825,XNAS,0xf9f41,ETM,4937,616152
215,826,XTSE,0x5c6424,ETR,2665,750639
216,827,XJPX,0x5f4a8e,ETX,2766,903832
217,828,XKOS,0xc3299,ETY,4821,634478
218,829,XNYS,0x8abda5,EVC,4246,542117
219,830,XNAS,0x8e902,EVDY,4381,687158
220,831,XSWX,0x6621aa,EVI,3013,787925
221,832,XFRA,0x3ff3f7,EVTC,1691,831797
222,833,XNYS,0x4d35d2,EWRI,2163,558115
223,834,XNYS,0x2ef7b,EWRS,1080,519855
224,835,XNYS,0x10752d,EWS,17,891396
225,836,XNAS,0x6c2d1f,EWZS,3237,869897
226,837,XNYS,0xad63c,EXCU,4773,783902
227,838,XNAS,0x48d768,EXH,1986,803916
228,839,XNYS,0x6b9919,FAX,3217,774826
229,840,XNYS,0x8c256b,FBSpA,4305,830610
230,841,XNAS,0xe609f,FBT,4893,636679
231,842,XNYS,0x2f76a5,FC,1092,689409
232,843,XTSE,0x711a07,FCA,3393,652031
233,844,XNAS,0x14045a,FCH,146,654830
234,845,XNYS,0x97be2c,FCHpC,4679,794551
235,846,XNYS,0x671816,FCO,3056,639693
236,847,XNYS,0x6619fe,FEEU,3012,780402
237,848,XLON,0x1803ad,FEP,300,978657
238,849,XJSE,0x687bab,FEX,3105,750670
239,850,XNYS,0xe36ab,FFR,4886,562047
240,851,XTSE,0x315aff,FGD,1157,531893
241,852,XSHG,0x7d4adc,FGM,3794,864830
242,853,XNYS,0x935499,FIEG,4530,857293
243,854,XNYS,0x797bc9,FIEU,3660,901682
244,855,XLON,0x60cb05,FIG,2833,530965
245,856,XSWX,0x2651d1,FINZ,801,974950
246,857,XNAS,0x38d35b,FISK,1431,882161
247,858,XBOM,0x7bdcbc,FMC,3751,612287
248,859,XNAS,0x739c3b,FMS,3472,642330
249,860,XNYS,0x77ba6f,FNBpE,3606,790974
250,861,XNYS,0x6d6c45,FNDA,3291,737986
251,862,XNAS,0x2670be,FNDF,810,820178
252,863,XNAS,0xfa523,FNFGpB,4940,521487
253,864,XNYS,0x4e29a6,FNFV,2197,770124
254,865,XSHG,0x7f67b5,FRA,3865,897600
255,866,XLON,0x4e9b8b,FRAK,2213,942509
256,867,XNAS,0x972e6a,FRCpB,4656,787024
257,868,XTSE,0x8ca63b,FRT,4318,908735
258,869,XKOS,0x5e19ae,FSS,2731,868601
259,870,XNYS,0x12bb9a,FSZ,105,637051
260,871,XAMS,0x50b2d8,FUN,2284,549898
261,872,XNYS,0x186f4f,FWDI,317,570219
262,873,XNAS,0x8902ff,FXF,4191,699173
263,874,XNYS,0x681218,FXR,3092,562008
264,875,XNYS,0x5adec8,FXS,2606,834899
265,876,XSHG,0x5c720f,FXU,2668,919951
266,877,XNYS,0x97dda9,FXY,4684,933561
267,878,XNYS,0x10b3c,FXZ,28,613227
268,879,XJPX,0x4393a4,FYC,1808,949462
269,880,XNYS,0x1e871f,GAL,516,709081
270,881,BVMF,0x3daa52,GBAB,1605,540160
271,882,XJSE,0x187c79,GBF,321,876795
272,883,XSHG,0x5af712,GBL,2609,522699
273,884,XJSE,0x4ad691,GCAP,2065,810605
274,885,XJSE,0x293ac,GD,907,793141
275,886,XNYS,0x81f8cb,GDL,3957,744392
276,887,XNYS,0x4c9fcb,GDLpB,2143,781506
277,888,XNYS,0x4fbc6e,GDO,2256,596377
278,889,XAMS,0x5e3cb7,GDPpC,2737,649177
279,890,XSAU,0x34a62a,GEF,1273,670424
280,891,XNYS,0x444d44,GEH,1833,816990
281,892,XJSE,0x48a32c,GER,1980,937966
282,893,XNAS,0x97b248,GFF,4676,735535
283,894,XNYS,0x83823a,GII,3999,597058
284,895,XJPX,0x50f88,GLL,2297,798817
285,896,XTSE,0x72973f,GLOG,3444,752023
286,897,XNAS,0x64505f,GLOP,2957,779321
287,898,XNYS,0x81f341,GLUpA,3956,514501
288,899,XNAS,0x715bee,GLW,3400,797410
289,900,XNYS,0x867863,GMT,4098,637823
290,901,XSAU,0x159442,GNI,211,886924
291,902,XTSE,0x351fe8,GNR,1291,572963
292,903,XTSE,0x8f6e0b,GOL,4411,914980
293,904,XNYS,0x3f1c2,GORO,1653,875617
294,905,XNYS,0x752847,GPN,3534,677454
295,906,XNAS,0xb2ef5,GREK,4788,720151
296,907,XNAS,0x4be8b7,GRF,2115,569423
297,908,XNYS,0x853586,GRTpH,4064,853101
298,909,XTSE,0x1c6e3e,GSG,446,926756
299,910,XNYS,0x6c261,GSLpB,3236,890347
300,911,XASX,0xd137f,GSTpA,4856,682100
301,912,XKOS,0xabfc4,GSTpB,4770,523780
302,913,XNYS,0x4c778a,GUR,2134,580606
303,914,XNYS,0x4e5fc,GVAL,2206,966314
304,915,XNYS,0x179c0c,GVP,286,909345
305,916,XFRA,0x7ed240,GWB,3841,595483
306,917,XHKG,0x5d176e,GXF,2688,645558
307,918,XLON,0x60b951,HAO,2831,888167
308,919,XSAU,0x570304,HAR,2482,777510
309,920,XNYS,0x746980,HASI,3505,649944
310,921,XNAS,0x7ba1a,HCHC,3742,720070
311,922,XTSE,0x966d94,HCP,4638,658850
312,923,XNYS,0x8a5e87,HEFA,4234,554463
313,924,XTSE,0x6d12dd,HELI,3273,684087
314,925,XLON,0x57b17e,HGG,2507,744192
315,926,XNYS,0x4659d2,HJV,1910,855386
316,927,BVMF,0x8ce51f,HLpB,4326,967356
317,928,XNAS,0x6dc1f0,HLT,3300,726674
318,929,XNYS,0x3d2c05,HLX,1584,762813
319,930,XNYS,0x57e284,HME,2510,927558
320,931,XNYS,0x3899f7,HNI,1417,715404
321,932,XNAS,0x50e0f2,HNT,2292,503715
322,933,XNYS,0x23f988,HOG,708,831913
323,934,BVMF,0x34330f,HOLD,1255,605312
324,935,XJSE,0x71b591,HPI,3413,513946
325,936,XHKG,0x8f8f0c,HPQ,4415,737644
326,937,XNYS,0x32a9e7,HPY,1212,680114
327,938,XNAS,0x317736,HR,1162,525370
328,939,XNYS,0x7eaf24,HRT,3835,898984
329,940,XSWX,0x8b64bc,HRTG,4272,973965
330,941,XTAI,0x294036,HTpB,908,663366
331,942,XNYS,0x4b39f,HTSpA,2086,677043
332,943,BVMF,0x7eaa8a,HVPW,3834,647876
333,944,XNYS,0x389e50,HY,1420,535912
334,945,XNSE,0x7ab1f0,HYGH,3704,648029
335,946,XNAS,0x2ac86a,IAE,953,522787
336,947,XNYS,0x8c155b,IAI,4303,704467
337,948,XTSE,0x32212e,IAK,1190,986575
338,949,XSHE,0x84a531,IBDF,4038,634901
339,950,XNYS,0xd7399,IBME,4865,890981
340,951,XAMS,0x7f668,ICN,3864,800370
341,952,XLON,0x44f65b,ICOL,1854,881576
342,953,XFRA,0x1939d8,IDG,349,608123
343,954,XNSE,0x93ed09,IDOG,4554,628396
344,955,XNYS,0x2e73a,IDX,1062,905807
345,956,XNAS,0x6da8f4,IDXJ,3298,626646
346,957,XTSE,0x3d718e,IEF,1591,564644
347,958,XNYS,0x205372,IEX,584,763043
348,959,XLON,0x7b5b73,IGE,3730,766381
349,960,XNYS,0x91c589,IGI,4483,641394
350,961,XJPX,0xb6ac8,IHI,4795,837054
351,962,XTSE,0x2818a2,IHT,861,524671
352,963,XNAS,0x6bdc13,IJR,3226,593301
353,964,XJPX,0x90d87f,ILTB,4460,746644
354,965,XNYS,0x8a49c2,IMN,4230,999090
355,966,XTAI,0x7e23ab,IMPR,3813,523434
356,967,XNYS,0x454264,IMUC,1870,963847
357,968,XNYS,0x90a680,INDL,4453,710114
358,969,XNAS,0x5e7bdc,INF,2746,878115
359,970,XNYS,0x8cf590,INXN,4329,638368
360,971,XTSE,0x475d23,INY,1949,877505
361,972,XNYS,0x5c4aef,IOT,2663,532050
362,973,XHKG,0x16795c,IP,245,806269
363,974,XNYS,0x271008,IPAC,827,542818
364,975,XJPX,0x5fb5a8,IPLpD,2788,905364
365,976,XNYS,0x1ff867,IQDF,572,539786
366,977,XNAS,0x648732,IR,2970,541696
367,978,XNYS,0x86d211,IRC,4115,849581
368,979,XNYS,0x5e46aa,IRETp,2739,524572
369,980,XNYS,0x2137e,IRETpB,616,704809
370,981,XNYS,0x800b6,ISD,3886,662860
371,982,XNYS,0x7aed88,ISR,3715,719811
372,983,XNYS,0x527a61,ITA,2355,755846
373,984,XNYS,0x239cc8,ITB,696,607713
374,985,XNYS,0x48bfdf,ITLT,1983,930044
375,986,XNYS,0x8b811b,IUSG,4276,554406
376,987,XNYS,0x2b4454,IVOO,968,907094
377,988,XNAS,0x5832cf,IVRpA,2522,888053
378,989,XNYS,0x4c8fb2,IVZ,2137,522196
379,990,XNYS,0x5d90d2,IWX,2705,529989
380,991,XNYS,0x2a0066,IXP,930,783795
381,992,XNAS,0x810bd9,IYF,3922,550841
382,993,XSHG,0x3fae0c,IYM,1678,876881
383,994,XNYS,0x62f2e5,JDST,2913,716033
384,995,XNYS,0x61350a,JEQ,2857,940452
385,996,XNAS,0x3a3131,JFR,1479,798672
386,997,XNYS,0x5aa513,JGH,2598,902689
387,998,XNAS,0x32366e,JJG,1194,923595
388,999,XNAS,0x64d65,JNK,2980,895408
389,1000,XNYS,0x6adde2,JNPR,3193,694840
390,1001,XTSE,0x7f3c06,JNUG,3858,751096
391,1002,XHKG,0x78fd7a,K,3647,678359
392,1003,XNYS,0x228511,KAR,657,626023
393,1004,XNYS,0x49c148,KBA,2018,968652
394,1005,XKOS,0x2d3f88,KBH,1027,699050
395,1006,XNYS,0x5664a2,KEX,2464,719890
396,1007,XNYS,0x7ea895,KEYpG,3833,981165
397,1008,XFRA,0x20239d,KFYP,576,832080
398,1009,XNAS,0x6d5216,KIMpK,3285,564433
399,1010,XNAS,0x49147c,KMB,1998,665891
400,1011,XNYS,0x70c017,KMPA,3387,926725
401,1012,XFRA,0x1538cd,KMT,197,852974
402,1013,XNYS,0x2dcd4f,KND,1041,636314
403,1014,XNYS,0x8a65bc,KODK,4235,918680
404,1015,XBOM,0x7e65e7,KRCpG,3822,942569
405,1016,XNAS,0x23715,KRO,688,592034
406,1017,XHKG,0x45f4a,KST,1897,590320
407,1018,XNYS,0x38938e,KT,1414,769658
408,1019,XNYS,0x30858e,KYO,1124,913253
409,1020,XNYS,0x5c11bf,LAQ,2654,846207
410,1021,XNAS,0x55bb8a,LBF,2434,615249
411,1022,XJSE,0x1dbe41,LCM,489,714405
412,1023,BVMF,0x699e7c,LDOS,3150,701187
413,1024,XSWX,0x4116db,LEA,1721,684767
414,1025,XJSE,0x5f96c2,LEJU,2783,708098
415,1026,XNYS,0x23bd8,LFC,701,930450
416,1027,XJPX,0x83547e,LG,3994,702028
417,1028,XNAS,0x23e,LGL/WS,705,662499
418,1029,XSWX,0x6119f0,LHOpH,2853,671998
419,1030,XSWX,0x7930a9,LII,3652,764588
420,1031,XNYS,0x88b80b,LLEM,4181,912006
421,1032,XNAS,0x42fe83,LLL,1785,555106
422,1033,XJPX,0x648623,LLY,2969,689163
423,1034,XNAS,0x1c8869,LM,450,561768
424,1035,XNAS,0x704aa3,LODE,3374,811702
425,1036,XNYS,0x425bda,LOW,1763,844814
426,1037,BVMF,0x8f2aed,LRE,4402,793128
427,1038,XNAS,0x421ebb,LSG,1755,975573
428,1039,XNYS,0x6a4a97,LWC,3176,758181
429,1040,XNAS,0x604fb7,LXFR,2812,869816
430,1041,XNYS,0xe7888,LXK,4898,707549
431,1042,XNYS,0x904918,MA,4440,847517
432,1043,XSAU,0x1693df,MAN,250,871755
433,1044,XNYS,0x6af136,MATH,3195,756539
434,1045,XNYS,0x3f70e9,MATL,1671,903239
435,1046,XSHG,0x86a340,MATX,4106,985695
436,1047,XNYS,0x168020,MCA,246,632613
437,1048,XNAS,0x3717d1,MCC,1361,600327
438,1049,XNAS,0x5762f0,MCF,2494,914807
439,1050,XNAS,0x4f672f,MCK,2246,942989
440,1051,XSWX,0x4ae320,MDGN/WS,2066,940688
441,1052,XNAS,0xc25fc,MDU,4819,835246
442,1053,XNYS,0x4e925b,MDYV,2212,857883
443,1054,XSAU,0x139297,MFO,132,987441
444,1055,XNYS,0x91f9b3,MFV,4488,896260
445,1056,XTSE,0x36309,MGR,1327,561161
446,1057,XNAS,0x1876a3,MHK,320,528938
447,1058,XNYS,0x4bb7cb,MHN,2102,972139
448,1059,XASX,0x639439,MHO,2933,696195
449,1060,XAMS,0xb4a23,MHR,4789,882114
450,1061,XNYS,0x4df01b,MHW,2190,663610
451,1062,XSHE,0x3dfc57,MIDU,1617,599349
452,1063,XNYS,0x3d8479,MIDZ,1596,678435
453,1064,XNYS,0x3a4cfa,MJN,1484,621005
454,1065,XNYS,0x48670,MLN,1970,978862
455,1066,XSAU,0x98374c,MLPI,4695,984164
456,1067,XTSE,0x36a9ed,MLPL,1346,819924
457,1068,XJPX,0x632268,MLPW,2919,725714
458,1069,XNYS,0x1b6a2d,MLPY,416,873215
459,1070,XNYS,0x7ada77,MNA,3713,833016
460,1071,XJPX,0x3e2229,MOD,1620,735079
461,1072,XLON,0x947e6,MOO,4575,993472
462,1073,XNYS,0x593f35,MPLX,2553,877250
463,1074,XNAS,0x8d868a,MPO,4341,774721
464,1075,XASX,0x23ec48,MRGR,706,889577
465,1076,XNYS,0x3dbe12,MRHpA,1608,824766
466,1077,XTSE,0x53e61e,MRIN,2397,986750
467,1078,XNYS,0x322de7,MSpF,1192,921967
468,1079,XNAS,0x5961b0,MSB,2554,947304
469,1080,XAMS,0x26fd87,MSF,826,507255
470,1081,XNAS,0x43afb2,MTBp,1812,756745
471,1082,XNAS,0x71a800,MTH,3409,571992
472,1083,XSHE,0x87ea06,MTL,4154,802678
473,1084,XNYS,0x811c24,MTN,3925,602165
474,1085,XNYS,0x579fb9,MTU,2505,637252
475,1086,XNYS,0x55ae4d,MTZ,2431,750047
476,1087,XAMS,0x953e16,MUI,4596,753889
477,1088,BVMF,0x785b8c,MVC,3627,873801
478,1089,XNYS,0x7bad0a,MVT,3743,635338
479,1090,XNYS,0xb78cf,MYF,4798,703112
480,1091,XSHG,0x88bb0f,MZF,4183,536663
481,1092,XNYS,0xc2939,MZZ,4820,507781
482,1093,XNYS,0x873e77,NAV,4131,744618
483,1094,XNAS,0x21da6f,NCI,633,900680
484,1095,XKOS,0x965ceb,NCTpD,4636,662283
485,1096,XNAS,0x1ba279,NEE,421,914842
486,1097,XNYS,0x69c5e0,NEEpC,3155,619062
487,1098,XNYS,0x493d04,NEEpH,2005,569191
488,1099,XNYS,0x93c62b,NEEpI,4546,877328
489,1100,XNYS,0x6af895,NEP,3196,574601
490,1101,XNYS,0x4a6faf,NFO,2046,635336
491,1102,XSAU,0xa29bf,NGD,4744,812536
492,1103,XTSE,0x3dabce,NGL,1606,832203
493,1104,XSWX,0x6be477,NHI,3228,975057
494,1105,XSWX,0x8d78e7,NIM,4337,784278
495,1106,XNYS,0xa358c,NIQ,4746,600009
496,1107,XTSE,0x5b188f,NJ,2614,731538
497,1108,XNYS,0x9732d7,NKE,4658,614965
498,1109,XNYS,0x30d79e,NKG,1138,662430
499,1110,XNAS,0xb6892,NKY,4794,760101
500,1111,XNYS,0x699e3e,NLYpA,3149,677091
501,1112,XNYS,0x845587,NLYpD,4027,652610
502,1113,XNYS,0x8bb1d0,NNA,4285,602347
503,1114,XNYS,0x91ba2d,NOAH,4481,674120
504,1115,XNAS,0x5680c2,NQI,2467,538834
505,1116,XLON,0x7ad71,NQS,3711,749198
506,1117,XNAS,0x7f7381,NRFpD,3868,525314
507,1118,XJSE,0x2b0029,NRK,961,855155
508,1119,XNAS,0x68a951,NRZ,3117,944851
509,1120,XJSE,0x6089f2,NSL,2823,972715
510,1121,XTSE,0x8f0550,NTN,4398,533288
511,1122,XNYS,0x5ac663,NTX,2604,589907
512,1123,XNYS,0x2505a,NVR,748,720782
513,1124,XTSE,0x8ff103,NXC,4427,544400
514,1125,XNAS,0x74b830,NXR,3517,632395
515,1126,XNYS,0x74296a,OB,3500,521710
516,1127,XAMS,0x71d6f4,OFC,3420,864433
517,1128,XASX,0x5dc01c,OMC,2714,976045
518,1129,XNAS,0x977c71,ORI,4669,764667
519,1130,XNYS,0x435ca,ORM,1802,746793
520,1131,XTSE,0x99231,OWW,4712,532778
521,1132,XNYS,0x34e777,OZM,1284,565159
522,1133,XNAS,0x2be372,PAF,988,832353
523,1134,XNAS,0x245c40,PAG,720,927869
524,1135,XHKG,0x764437,PAR,3564,863749
525,1136,XKOS,0x307c,PARR,1122,803761
526,1137,XSAU,0x15c851,PBJ,219,568287
527,1138,XNAS,0x5474dc,PBS,2411,595921
528,1139,XNAS,0x4d362,PCP,2164,755594
529,1140,XNYS,0x847a68,PDI,4031,849017
530,1141,XSWX,0x8ef5e8,PEJ,4396,972976
531,1142,XNYS,0x7b16a6,PERM,3720,535733
532,1143,XNYS,0x350d95,PFEM,1288,591321
533,1144,XNAS,0x28261f,PFH,864,871681
534,1145,XSWX,0x1372dd,PFK,126,659814
535,1146,XAMS,0x97393b,PFO,4660,948724
536,1147,XTSE,0x102c28,PFX,8,934211
537,1148,XTSE,0x7c4bdb,PGF,3764,712757
538,1149,XNYS,0x73f0a1,PGM,3492,976143
539,1150,XNYS,0x65b3b2,PGN,3005,845185
540,1151,XNAS,0x58afd1,PIR,2535,843080
541,1152,XNYS,0x6b80ad,PLND,3214,977700
542,1153,XTSE,0x1bf5d7,PMX,431,799051
543,1154,XNYS,0x42f549,POM,1784,967832
544,1155,XNYS,0x90bcaf,PRB,4455,552327
545,1156,XAMS,0xf77d5,PRGO,4931,664588
546,1157,XNYS,0x5348cc,PRH,2381,546051
547,1158,XNYS,0x47587d,PRI,1947,573997
548,1159,XSAU,0x48f7a2,PRY,1996,846553
549,1160,XNYS,0x178d0d,PSApO,283,956107
550,1161,XTSE,0x4c38e2,PSApP,2124,542054
551,1162,XNYS,0x264f7,PSApQ,800,962467
552,1163,XNYS,0x71a937,PSApR,3410,560831
553,1164,XNSE,0x404ba7,PSApX,1700,733444
554,1165,XNAS,0x651ec6,PSB,2993,931642
555,1166,XJPX,0x79941a,PSBpR,3668,712196
556,1167,XKOS,0x461911,PSBpS,1902,597459
557,1168,XSHG,0x271733,PSR,828,945771
558,1169,XNYS,0x6ec5a9,PSX,3330,855703
559,1170,XNYS,0x4c1eee,PSXP,2122,556175
560,1171,XLON,0x45aeaa,PUI,1884,945448
561,1172,XJSE,0x84f8d4,PVH,4053,838283
562,1173,XNYS,0x179f8,PWC,287,949662
563,1174,XJPX,0x2ae803,PWZ,957,995469
564,1175,XNYS,0x1e5362,PXMV,506,799734
565,1176,XNYS,0xc507e,PZD,4825,539307
566,1177,XTSE,0x353e4a,PZG,1296,724682
567,1178,XAMS,0x52ed63,PZI,2365,922759
568,1179,XSHG,0x42636e,QCAN,1765,889720
569,1180,XNYS,0x8e8bdd,QIHU,4379,737888
570,1181,XNAS,0x6ae475,QWLD,3194,626902
571,1182,XKOS,0x893320,QXUS,4200,770686
572,1183,XNAS,0x452b95,RBSpG,1867,911211
573,1184,XNAS,0x51daff,RBSpI,2330,589959
574,1185,XNYS,0x6cbbab,RESI,3255,860511
575,1186,XNYS,0x2e67ba,REW,1060,754107
576,1187,XNAS,0x4bd2d4,REXR,2107,977171
577,1188,XTAI,0x26ea3d,RFI,822,625382
578,1189,XNYS,0x28594,RFP,875,818401
579,1190,XFRA,0x74169b,RFT,3497,789048
580,1191,XNYS,0x77f2a9,RICE,3613,616856
581,1192,XNYS,0x2a7b3f,RIGP,944,652188
582,1193,XNAS,0x785e10,RING,3628,631654
583,1194,XNYS,0x38fa7e,RIO,1437,588511
584,1195,XBOM,0x8e91f4,RJA,4383,664321
585,1196,XBOM,0x6b090a,RL,3199,882228
586,1197,XJSE,0x6d5840,RLY,3287,773597
587,1198,XNYS,0x6003d2,ROC,2803,785817
588,1199,XNYS,0x6bfb71,ROK,3231,735133
589,1200,XNAS,0xf65e1,ROLA,4930,625381
590,1201,XSHG,0x1ee1c0,ROX,533,630617
591,1202,XNYS,0x26a7a8,RPV,817,687534
592,1203,XLON,0x382f0c,RSO,1398,886342
593,1204,XNAS,0x8146f7,RSOpA,3934,957426
594,1205,XNYS,0x51b310,RSOpB,2323,841862
595,1206,XNAS,0x56d573,RSPP,2479,867188
596,1207,XNYS,0x10c304,RUSS,32,697419
597,1208,XNYS,0x3c2843,RXI,1546,778273
598,1209,XFRA,0x6347a0,RYH,2923,710182
599,1210,XNAS,0x43015b,RYI,1786,594053
600,1211,XHKG,0x580983,SAGG,2515,934542
601,1212,XNYS,0x191c18,SAH,346,811006
602,1213,XNYS,0x8742d5,SAIC,4133,942822
603,1214,XJSE,0x5b53dd,SAM,2622,875591
604,1215,XNSE,0x319e1a,SANpC,1168,547906
605,1216,XFRA,0x3e7146,SAND,1629,588070
606,1217,XLON,0x44e49f,SBGL,1850,561273
607,1218,XNYS,0x668c23,SBH,3030,925635
608,1219,XNYS,0x323752,SBNA,1195,534447
609,1220,XTSE,0x40ea7d,SC,1717,982943
610,1221,XNYS,0x2d3b8f,SCEpB,1026,558059
611,1222,XSHE,0x117109,SCHA,61,625466
612,1223,XTAI,0x172b46,SCHC,266,807530
613,1224,XHKG,0x3cbe8e,SCHP,1569,998983
614,1225,XTSE,0xad6f9,SCHW,4774,619344
615,1226,XNAS,0x186fa5,SCJ,318,642193
616,1227,XTSE,0x390cda,SDOW,1441,672328
617,1228,XNYS,0x3a4e23,SDP,1485,910762
618,1229,XLON,0x3cff73,SDS,1579,996835
619,1230,XNYS,0x9051c,SEA,4441,720896
620,1231,XNYS,0x7a80,SEF,3698,753367
621,1232,XHKG,0x18085d,SEM,301,587061
622,1233,XNSE,0x873649,SGG,4129,527052
623,1234,XNYS,0x31f97f,SGM,1183,559731
624,1235,XSHG,0x2c5776,SGOL,1003,840952
625,1236,XNYS,0x53bd3e,SHG,2393,636086
626,1237,XNYS,0x41d154,SHI,1744,881335
627,1238,XJSE,0x76ac0,SHM,3576,929238
628,1239,XNYS,0x850398,SHYD,4055,564624
629,1240,XNYS,0x7c13c1,SIM,3759,983184
630,1241,XJSE,0x1108f1,SIPE,44,562770
631,1242,XNYS,0x5881e5,SJM,2530,592021
632,1243,XKOS,0x34bd8f,SJR,1276,860325
633,1244,XNAS,0x8c0db5,SKM,4302,864900
634,1245,XSWX,0x7511e4,SLB,3531,849265
635,1246,XSHG,0x68f06c,SLCA,3127,682420
636,1247,XASX,0x8bcd65,SLRA,4290,872345
637,1248,XNYS,0x728e33,SMFG,3442,984163
638,1249,XHKG,0x6bb61b,SMI,3223,609511
639,1250,XNYS,0x1518f,SMK,191,809471
640,1251,XNYS,0x8b980d,SNN,4283,748819
641,1252,XNYS,0x15213d,SON,195,670963
642,1253,XSAU,0x2c07ed,SOVpC,991,845897
643,1254,XBOM,0x317502,SOXS,1161,556207
644,1255,XNAS,0x9041c5,SPA,4437,784057
645,1256,XNAS,0x39e503,SPXS,1465,852607
646,1257,XNYS,0x83b218,SPY,4004,930680
647,1258,XASX,0x47dd1b,SPYV,1960,663405
648,1259,XNYS,0x4933ee,SR,2002,920874
649,1260,XNAS,0x40b4cf,SRE,1709,519270
650,1261,XASX,0x189e6c,SRV,327,519770
651,1262,XSWX,0x58ce81,SSWpE,2541,942477
652,1263,XTSE,0x65ec0b,STIpA,3007,928985
653,1264,XSHE,0x81e6f8,STI/WS/B,3954,627013
654,1265,XNYS,0x6f692c,STNG,3356,604998
655,1266,XNYS,0x579b59,STO,2504,628885
656,1267,XNYS,0x44c29,STPZ,1844,535464
657,1268,XNYS,0x563ba6,STWD,2454,953974
658,1269,XNSE,0x1b30fe,STZ,410,842400
659,1270,XNAS,0x5e016e,SU,2725,829255
660,1271,XNYS,0x2d00bd,SUB,1019,751905
661,1272,XNYS,0x78909b,SUIpA,3639,697077
662,1273,XNYS,0x7073bc,SUN,3377,789290
663,1274,XNYS,0x668734,SUNE,3027,673404
664,1275,XNYS,0x182314,SWH,308,901697
665,1276,XJPX,0x3dcff2,SWN,1611,767056
666,1277,XNSE,0x676b9c,SWX,3065,653730
667,1278,XNAS,0x827479,SWY,3970,804841
668,1279,XNAS,0x55da6,SYF,2438,533812
669,1280,XNAS,0x898745,SYG,4209,975099
670,1281,XNAS,0x7c3660,SYN,3760,974298
671,1282,XNYS,0x44dd8b,TAN,1848,837711
672,1283,XJSE,0x68d62a,TANN,3123,691081
673,1284,XAMS,0x7e66a2,TARO,3823,964716
674,1285,XJPX,0xc4a51,TDE,4823,810771
675,1286,XNAS,0x6da6b1,TDG,3297,879850
676,1287,XNYS,0x62b0e2,TEN,2904,620461
677,1288,XNSE,0x8c6cf1,TGC,4313,642876
678,1289,XLON,0x87ff1e,TGH,4159,622248
679,1290,XHKG,0x3ce252,THG,1573,723698
680,1291,XNAS,0x6f1e8b,THO,3342,836352
681,1292,XTSE,0x408a56,TKC,1705,950255
682,1293,XNYS,0x355fd2,TLT,1298,549945
683,1294,XNYS,0x939625,TLTD,4539,588524
684,1295,XSHE,0x5dbce4,TOF,2713,822783
685,1296,XNYS,0x8ae50a,TOK,4252,540581
686,1297,XNYS,0x5639a2,TPC,2453,800161
687,1298,XNYS,0x518204,TPI,2311,736752
688,1299,XKOS,0x343bdd,TPL,1257,735333
689,1300,XNYS,0x8affa9,TPS,4257,581653
690,1301,XNAS,0x921225,TRK,4491,726081
691,1302,XSWX,0x8dd265,TRR,4351,951830
692,1303,XNAS,0x3295bb,TRT,1205,676495
693,1304,XNAS,0x685623,TRXC,3103,970404
694,1305,XNYS,0xd2fa5,TSI,4858,811066
695,1306,XNYS,0x91547,TSLX,4468,657757
696,1307,XNYS,0x5f95a4,TUP,2781,651679
697,1308,XNAS,0x53bd2,TXMD,2392,751884
698,1309,XNYS,0x401f08,TY,1695,611090
699,1310,XNAS,0xd8bc7,UAL,4868,556619
700,1311,XNYS,0x3507bc,UEw,1287,564268
701,1312,XNYS,0x4ff988,UEC,2262,767767
702,1313,XNYS,0x86b98a,UFI,4112,870818
703,1314,XTSE,0x12c982,UGI,107,525010
704,1315,XNYS,0xa40ce,UMC,4748,565425
705,1316,XSAU,0x262e2b,UMX,793,595578
706,1317,XTSE,0x3ae435,UNL,1510,542997
707,1318,XFRA,0x36234a,UQM,1323,742547
708,1319,XSAU,0x59ff4,URA,2575,854694
709,1320,XJSE,0x58a059,URG,2533,885335
710,1321,XBOM,0x39a935,USAC,1456,806665
711,1322,XTSE,0x3407ec,USBpM,1251,641011
712,1323,XNAS,0x304ff8,USD,1117,648210
713,1324,XNYS,0x26658d,USM,805,943411
714,1325,XSHE,0x5d9b5a,UTF,2708,691560
715,1326,XNYS,0x3ec4e5,UTG,1642,960374
716,1327,XNAS,0x1fbc04,UTL,564,899177
717,1328,XNAS,0x7c4a1d,UVV,3763,579823
718,1329,XNYS,0x1be172,VALE/P,429,973909
719,1330,XSWX,0x790ea,VC,3649,627550
720,1331,XNSE,0x16bdb0,VG,256,637440
721,1332,XTSE,0x72093f,VIG,3423,674179
722,1333,XJSE,0x630c5a,VIOO,2916,614322
723,1334,XNYS,0x6636fd,VKI,3015,650497
724,1335,XNYS,0x968d7,VLP,4643,804098
725,1336,XNAS,0x2345ca,VLY,684,755564
726,1337,XSAU,0xa73c0,VMEM,4756,867740
727,1338,XNYS,0x5b374d,VOO,2620,948018
728,1339,XNAS,0x19df7f,VOX,371,818899
729,1340,XNYS,0x1f540e,VR,547,634176
730,1341,XNAS,0x61c0f7,VVR,2871,853960
731,1342,XJPX,0x4f713b,WAIR,2248,670122
732,1343,XNYS,0x680215,WAT,3091,716886
733,1344,XTSE,0x2b00b0,WBIC,962,665803
734,1345,XNAS,0x605101,WBID,2813,959130
735,1346,XNAS,0x660593,WBIH,3009,602324
736,1347,XNAS,0x97d0ce,WDR,4683,930832
737,1348,XTSE,0x870eba,WDTI,4124,957570
738,1349,XNAS,0x4c84e6,WEAT,2136,887440
739,1350,XNYS,0x8ad939,WFCpL,4251,765616
740,1351,XNYS,0x6fc9dd,WFCpT,3363,842522
741,1352,XNYS,0x8ce2d1,WHZ,4325,728851
742,1353,XTSE,0x228709,WIA,659,765012
743,1354,XNYS,0x976d91,WLH,4666,778055
744,1355,XTSE,0x14d083,WM,177,964703
745,1356,XNYS,0x15657d,WMC,206,677629
746,1357,XNYS,0x7dd900,WMW,3805,954371
747,1358,XJSE,0x3fcf44,WPC,1685,837267
748,1359,XLON,0x4c2fca,WSH,2123,838709
749,1360,XTSE,0x37cc0,WSO,1387,761933
750,1361,XNYS,0x41c1a6,WSO/B,1741,861650
751,1362,XHKG,0x67995,WTS,3073,858797
752,1363,XNYS,0x88d810,WTT,4188,945752
753,1364,XNYS,0x6251f6,WUBA,2890,661172
754,1365,XTAI,0x1e25df,WWAV,500,575271
755,1366,XNYS,0x97ffcc,WYDE,4688,766812
756,1367,XTSE,0x4a730a,WYN,2047,950316
757,1368,XTSE,0x3f3efe,WYY,1661,910440
758,1369,XSHE,0x7b7878,XEC,3733,690967
759,1370,XNYS,0x97e9f1,XHE,4685,598027
760,1371,BVMF,0x693e09,XL,3137,599869
761,1372,XNYS,0x4aa8c,XOVR,2059,552196
762,1373,XNYS,0x2a42c,XPO,937,965719
763,1374,XNYS,0x8ca7a8,XSLV,4319,583473
764,1375,BVMF,0x1a1bf1,XVIX,380,691948
765,1376,XKOS,0xcf93c,YDKN,4854,738506
766,1377,XNAS,0x8b61be,YUM,4271,657962
767,1378,XNYS,0x1e5344,YUMA,505,539155
768,1379,XSHE,0x307c4f,YXI,1123,674745
769,1380,XNYS,0x995da,ZBpA,4713,902987
770,1381,XSHG,0x55c225,ZBK,2435,572030
771,1382,XNYS,0x922421,ZEP,4494,791790
772,1383,BVMF,0x912fbe,ZOES,4465,749966
